,Gloria Jean's Coffees,Hudsons Coffee,Jamaica Blue,Kurtosh,Max Brenner,McCafe,Starbucks,The Coffee Club,Zarraffa's Coffee
Gloria Jean's Coffees,,0.101910828,0.140127389,0.057324841,0.076433121,0.114649682,0.331210191,0.261146497,0.127388535
Hudsons Coffee,0.044585987,,0.038216561,0.01910828,0.006369427,0.006369427,0.025477707,0.038216561,0.025477707
Jamaica Blue,0.01910828,0.050955414,,0,0.01910828,0.006369427,0,0.050955414,0.01910828
Kurtosh,0,0,0.006369427,,0,0,0,0,0.006369427
Max Brenner,0.006369427,0,0,0.006369427,,0,0.006369427,0.006369427,0.006369427
McCafe,0.089171975,0.044585987,0.01910828,0.044585987,0.044585987,,0.140127389,0.070063694,0.031847134
Starbucks,0.324840764,0.165605096,0.114649682,0.050955414,0.127388535,0.133757962,,0.178343949,0.127388535
The Coffee Club,0.165605096,0.089171975,0.191082803,0.031847134,0.063694268,0.063694268,0.121019108,,0.114649682
Zarraffa's Coffee,0.038216561,0.025477707,0.006369427,0.012738854,0,0.006369427,0.044585987,0.038216561,
